date,symbol,open,high,low,close,volume,daily_return,ma7,ma20,ma50,volatility,momentum_score
2024-09-18,ICICIBANK,1211.73,1214.38,1200.68,1206.82,3950580,-0.4052,,,,,
2024-09-19,ICICIBANK,1205.06,1219.3,1199.43,1210.01,4413838,0.4108,,,,,
2024-09-20,ICICIBANK,1202.93,1211.6,1195.45,1197.36,2976018,-0.463,,,,,
2024-09-23,ICICIBANK,1207.77,1213.39,1197.73,1210.65,3685406,0.2385,,,,,
2024-09-24,ICICIBANK,1233.07,1240.05,1228.03,1228.64,4898693,-0.3593,,,,,
2024-09-25,ICICIBANK,1239.78,1243.96,1237.15,1241.85,4274050,0.167,,,,,
2024-09-26,ICICIBANK,1222.39,1223.01,1214.57,1221.83,2461029,-0.0458,1216.74,,,,
2024-09-27,ICICIBANK,1218.41,1222.73,1210.61,1212.75,3048205,-0.4645,1217.58,,,,
2024-09-30,ICICIBANK,1218.96,1222.16,1212.37,1213.09,3569667,-0.4816,1218.02,,,,
2024-10-01,ICICIBANK,1212.72,1213.56,1207.1,1212.7,4637469,-0.0016,1220.22,,,,
2024-10-02,ICICIBANK,1229.95,1230.13,1225.0,1227.87,2014518,-0.1691,1222.68,,,,
2024-10-03,ICICIBANK,1188.45,1193.16,1182.95,1189.03,1670090,0.0488,1217.02,,,,
2024-10-04,ICICIBANK,1201.6,1212.72,1194.1,1195.87,3116019,-0.4769,1210.45,,,,
2024-10-07,ICICIBANK,1189.88,1195.77,1181.51,1190.7,2342080,0.0689,1206.0,,,,
2024-10-08,ICICIBANK,1180.12,1180.93,1170.71,1175.12,3766343,-0.4237,1200.63,,,,
2024-10-09,ICICIBANK,1157.4,1165.29,1156.32,1161.53,3549955,0.3568,1193.26,,,,
2024-10-10,ICICIBANK,1155.8,1158.77,1146.42,1157.92,3138860,0.1834,1185.43,,,,
2024-10-11,ICICIBANK,1096.75,1097.33,1089.13,1092.97,2646512,-0.3447,1166.16,,,,
2024-10-14,ICICIBANK,1085.47,1086.67,1080.27,1081.06,3634673,-0.4063,1150.74,,,,
2024-10-15,ICICIBANK,1066.61,1067.52,1059.74,1066.26,3424420,-0.0328,1132.22,1184.7,,4.22,-9.9975
2024-10-16,ICICIBANK,1078.05,1079.04,1070.04,1075.84,3073473,-0.205,1115.81,1178.15,,4.6893,-8.684
2024-10-17,ICICIBANK,1059.48,1068.62,1054.87,1062.32,3516221,0.2681,1099.7,1170.77,,5.1586,-9.2631
2024-10-18,ICICIBANK,1061.25,1064.76,1058.33,1059.01,2709313,-0.2111,1085.05,1163.85,,5.5799,-9.008
2024-10-21,ICICIBANK,1089.16,1091.39,1083.86,1086.05,2105221,-0.2855,1074.79,1157.62,,5.7169,-6.1825
2024-10-22,ICICIBANK,1102.34,1108.89,1101.44,1103.99,4064004,0.1497,1076.36,1151.39,,5.6452,-4.1168
2024-10-23,ICICIBANK,1119.83,1121.82,1116.28,1120.56,3519203,0.0652,1082.0,1145.32,,5.3861,-2.1618
2024-10-24,ICICIBANK,1112.18,1124.1,1110.06,1111.95,2911942,-0.0207,1088.53,1139.83,,5.2082,-2.446
2024-10-25,ICICIBANK,1125.72,1127.16,1118.73,1122.12,3432768,-0.3198,1095.14,1135.3,,5.0132,-1.1609
2024-10-28,ICICIBANK,1121.48,1125.09,1117.16,1118.28,4367145,-0.2853,1103.14,1130.56,,4.7734,-1.0862
2024-10-29,ICICIBANK,1119.46,1120.83,1113.03,1115.13,4598401,-0.3868,1111.15,1125.68,,4.4813,-0.9372
2024-10-30,ICICIBANK,1124.05,1131.35,1117.17,1122.91,3546937,-0.1014,1116.42,1120.43,,3.9578,0.2213
2024-10-31,ICICIBANK,1112.15,1116.64,1112.14,1112.54,3672143,0.0351,1117.64,1116.61,,3.6998,-0.3645
2024-11-01,ICICIBANK,1136.38,1146.26,1136.12,1140.05,4183881,0.323,1120.43,1113.82,,3.3554,2.355
2024-11-04,ICICIBANK,1139.87,1142.84,1134.75,1137.5,3152932,-0.2079,1124.08,1111.16,,2.9952,2.3705
2024-11-05,ICICIBANK,1153.82,1155.26,1148.1,1149.3,5520224,-0.3917,1127.96,1109.86,,2.8021,3.5536
2024-11-06,ICICIBANK,1177.54,1180.35,1166.61,1177.0,3615189,-0.0459,1136.35,1110.64,,2.9359,5.9749
2024-11-07,ICICIBANK,1197.19,1203.4,1197.01,1197.16,2819864,-0.0025,1148.07,1112.6,,3.2847,7.6002
2024-11-08,ICICIBANK,1167.11,1172.99,1164.24,1170.67,2067892,0.305,1154.89,1116.49,,3.442,4.8527
2024-11-11,ICICIBANK,1180.81,1182.71,1177.27,1179.51,2895028,-0.1101,1164.46,1121.41,,3.5607,5.181
2024-11-12,ICICIBANK,1193.69,1199.77,1191.27,1196.22,3766439,0.2119,1172.48,1127.91,,3.6388,6.0563
2024-11-13,ICICIBANK,1212.97,1220.38,1211.76,1213.97,5585880,0.0824,1183.4,1134.81,,3.8222,6.9756
2024-11-14,ICICIBANK,1190.72,1198.08,1188.12,1192.78,3964265,0.173,1189.62,1141.34,,3.6515,4.507
2024-11-15,ICICIBANK,1178.53,1181.82,1177.36,1180.62,3756265,0.1773,1190.13,1147.42,,3.287,2.8934
2024-11-18,ICICIBANK,1199.78,1203.36,1198.6,1200.12,4233964,0.0283,1190.56,1153.12,,3.1701,4.0759
2024-11-19,ICICIBANK,1183.35,1200.66,1183.11,1185.88,4771038,0.2138,1192.73,1157.21,,3.0528,2.4775
2024-11-20,ICICIBANK,1183.63,1188.58,1176.25,1180.57,2608228,-0.2585,1192.88,1160.21,,2.9815,1.7549
2024-11-21,ICICIBANK,1210.09,1212.7,1200.35,1211.37,1995919,0.1058,1195.04,1165.18,,2.9552,3.9642
2024-11-22,ICICIBANK,1209.29,1212.16,1209.19,1210.86,3162563,0.1298,1194.6,1169.62,,2.9334,3.5259
2024-11-25,ICICIBANK,1197.23,1199.41,1197.05,1197.17,2505187,-0.005,1195.23,1173.57,,2.7768,2.011
2024-11-26,ICICIBANK,1179.1,1189.68,1178.56,1180.75,4887398,0.1399,1195.25,1176.85,1164.12,2.5116,0.3314
2024-11-27,ICICIBANK,1188.37,1189.99,1185.64,1187.51,3921354,-0.0724,1193.44,1180.08,1163.74,2.2667,0.6296
2024-11-28,ICICIBANK,1161.91,1165.89,1161.03,1162.66,3458497,0.0645,1190.13,1182.58,1162.79,1.8619,-1.6845
2024-11-29,ICICIBANK,1158.28,1164.39,1154.82,1158.43,4517731,0.013,1186.96,1183.5,1162.01,1.7304,-2.1183
2024-12-02,ICICIBANK,1162.1,1168.56,1155.22,1165.08,4538564,0.2564,1180.35,1184.88,1161.1,1.5189,-1.6711
2024-12-03,ICICIBANK,1187.14,1191.64,1182.36,1190.16,3642327,0.2544,1177.39,1186.92,1160.33,1.3436,0.273
2024-12-04,ICICIBANK,1204.54,1210.62,1199.29,1203.45,4612025,-0.0905,1178.29,1188.25,1159.56,1.3614,1.2792
2024-12-05,ICICIBANK,1193.61,1200.85,1179.57,1190.09,5278848,-0.2949,1179.63,1187.89,1158.93,1.351,0.1852
2024-12-06,ICICIBANK,1210.59,1213.88,1209.85,1213.34,2573574,0.2272,1183.32,1190.03,1158.94,1.3839,1.9588
2024-12-09,ICICIBANK,1205.82,1217.57,1202.04,1207.91,5789983,0.1733,1189.78,1191.45,1158.84,1.4047,1.3815
2024-12-10,ICICIBANK,1185.01,1185.56,1180.31,1184.49,4509940,-0.0439,1193.5,1190.86,1158.27,1.4079,-0.5349
2024-12-11,ICICIBANK,1182.02,1185.72,1179.84,1181.61,1707378,-0.0347,1195.86,1189.24,1157.35,1.3421,-0.6416
2024-12-12,ICICIBANK,1212.96,1220.25,1206.27,1209.76,3671080,-0.2638,1198.66,1190.09,1157.76,1.3946,1.6528
2024-12-13,ICICIBANK,1218.16,1218.79,1210.54,1213.41,1803823,-0.3899,1200.09,1191.73,1158.11,1.445,1.8192
2024-12-16,ICICIBANK,1209.1,1217.88,1204.71,1214.07,6087222,0.411,1203.51,1192.43,1158.58,1.4969,1.8148
2024-12-17,ICICIBANK,1242.05,1254.21,1238.64,1246.98,3809862,0.3969,1208.32,1195.48,1160.02,1.8001,4.3079
2024-12-18,ICICIBANK,1217.85,1219.87,1213.83,1218.95,3074685,0.0903,1209.9,1197.4,1161.17,1.8231,1.7997
2024-12-19,ICICIBANK,1193.58,1201.25,1184.65,1194.35,4973296,0.0645,1211.3,1196.55,1161.89,1.8041,-0.1839
2024-12-20,ICICIBANK,1164.15,1166.51,1163.29,1164.04,3310220,-0.0094,1208.79,1194.21,1163.32,1.8819,-2.5264
2024-12-23,ICICIBANK,1166.15,1175.15,1163.99,1171.46,4244585,0.4553,1203.32,1192.92,1165.12,1.9301,-1.7989
2024-12-24,ICICIBANK,1176.08,1176.62,1170.17,1175.01,3906447,-0.091,1197.84,1192.64,1167.3,1.9469,-1.4782
2024-12-25,ICICIBANK,1202.58,1208.52,1201.33,1205.03,3220685,0.2037,1196.55,1193.51,1169.88,1.956,0.9652
2024-12-26,ICICIBANK,1216.13,1222.01,1197.68,1210.19,2284266,-0.4884,1191.29,1195.89,1172.84,1.8765,1.1958
2024-12-27,ICICIBANK,1203.1,1205.64,1201.68,1202.75,3609859,-0.0291,1188.98,1198.11,1175.72,1.7248,0.3873
2024-12-30,ICICIBANK,1198.86,1203.66,1196.05,1203.2,4752194,0.362,1190.24,1200.01,1178.06,1.5968,0.2658
2024-12-31,ICICIBANK,1204.8,1208.85,1202.79,1205.9,3952634,0.0913,1196.22,1200.8,1180.1,1.5872,0.4247
2025-01-01,ICICIBANK,1175.52,1184.13,1173.96,1174.23,2699428,-0.1097,1196.62,1199.34,1181.17,1.663,-2.0937
2025-01-02,ICICIBANK,1223.36,1230.14,1217.89,1227.12,3363281,0.3074,1204.06,1201.19,1183.47,1.7269,2.1587
2025-01-03,ICICIBANK,1234.26,1241.84,1229.91,1237.88,3871969,0.2933,1208.75,1202.42,1185.79,1.8443,2.9491
2025-01-06,ICICIBANK,1245.59,1246.13,1237.09,1242.51,2983561,-0.2473,1213.37,1204.15,1188.27,1.9856,3.1856
2025-01-07,ICICIBANK,1253.42,1257.4,1252.17,1255.33,1235975,0.1524,1220.88,1207.69,1191.08,2.1529,3.9447
2025-01-08,ICICIBANK,1275.66,1278.02,1264.8,1270.21,4320784,-0.4272,1230.45,1212.12,1194.02,2.37,4.7924
2025-01-09,ICICIBANK,1272.88,1280.53,1267.26,1267.77,3829192,-0.4015,1239.29,1215.02,1197.13,2.5753,4.3415
2025-01-10,ICICIBANK,1259.61,1266.93,1254.74,1255.37,6045116,-0.3366,1250.88,1217.12,1199.43,2.675,3.1427
2025-01-13,ICICIBANK,1271.08,1277.11,1265.01,1268.0,2356788,-0.2423,1256.72,1219.81,1202.04,2.8258,3.9506
2025-01-14,ICICIBANK,1274.62,1276.7,1271.8,1276.36,4305895,0.1365,1262.22,1221.28,1204.59,2.9696,4.51
2025-01-15,ICICIBANK,1257.28,1264.39,1252.61,1260.23,3699206,0.2346,1264.75,1223.35,1206.25,3.048,3.0147
2025-01-16,ICICIBANK,1289.53,1292.13,1288.59,1289.85,3850789,0.0248,1269.68,1228.12,1208.1,3.2108,5.0264
2025-01-17,ICICIBANK,1297.31,1298.93,1293.17,1296.41,3380204,-0.0694,1273.43,1234.74,1210.62,3.1763,4.9946
2025-01-20,ICICIBANK,1311.32,1324.32,1302.61,1312.22,2448347,0.0686,1279.78,1241.78,1213.27,3.2123,5.6725
2025-01-21,ICICIBANK,1336.4,1356.11,1335.61,1342.47,4490052,0.4542,1292.22,1250.15,1216.2,3.4091,7.3847
2025-01-22,ICICIBANK,1344.6,1348.99,1337.94,1343.41,2936400,-0.0885,1302.99,1257.07,1218.79,3.6598,6.8684
2025-01-23,ICICIBANK,1346.46,1354.09,1344.9,1350.76,4430867,0.3194,1313.62,1264.1,1221.95,3.8842,6.8555
2025-01-24,ICICIBANK,1364.72,1370.11,1354.76,1368.99,3130273,0.3129,1329.16,1272.41,1225.71,4.0981,7.5903
2025-01-27,ICICIBANK,1350.82,1362.54,1346.67,1353.55,3465623,0.2021,1338.26,1279.93,1228.78,4.1001,5.7519
2025-01-28,ICICIBANK,1359.25,1363.66,1350.17,1355.2,3742420,-0.298,1346.66,1287.39,1232.17,4.04,5.2672
2025-01-29,ICICIBANK,1362.62,1363.56,1358.29,1358.42,4022007,-0.3082,1353.26,1296.6,1235.73,3.6235,4.7679
2025-01-30,ICICIBANK,1341.14,1347.27,1335.59,1338.1,2380035,-0.2267,1352.63,1302.15,1238.26,3.4443,2.7608
2025-01-31,ICICIBANK,1396.24,1397.4,1388.49,1389.54,2736485,-0.4799,1359.22,1309.73,1241.83,3.5283,6.0936
2025-02-03,ICICIBANK,1360.55,1371.64,1356.22,1358.83,3675086,-0.1264,1360.38,1315.55,1245.07,3.39,3.2899
2025-02-04,ICICIBANK,1328.31,1336.45,1323.59,1331.14,2950156,0.2131,1354.97,1319.34,1248.07,3.2118,0.8944
2025-02-05,ICICIBANK,1353.47,1364.36,1347.37,1360.12,3589732,0.4913,1355.91,1323.84,1251.53,3.1463,2.7405
2025-02-06,ICICIBANK,1381.67,1390.33,1371.57,1376.33,5040509,-0.3865,1358.93,1329.26,1255.8,3.0866,3.5411
2025-02-07,ICICIBANK,1352.49,1361.24,1351.53,1354.22,2220774,0.1279,1358.33,1334.21,1259.72,2.8075,1.4998
2025-02-10,ICICIBANK,1372.84,1380.38,1364.72,1368.02,4863016,-0.3511,1362.6,1339.21,1263.77,2.5934,2.1513
2025-02-11,ICICIBANK,1399.37,1404.91,1395.55,1401.27,2084571,0.1358,1364.28,1345.45,1268.0,2.5314,4.1488
2025-02-12,ICICIBANK,1396.8,1401.5,1394.12,1401.07,2995096,0.3057,1370.31,1352.5,1271.95,2.2037,3.5911
2025-02-13,ICICIBANK,1457.59,1476.75,1449.23,1461.55,4482221,0.2717,1388.94,1361.08,1277.38,2.5769,7.3816
2025-02-14,ICICIBANK,1427.19,1428.39,1420.13,1421.96,3509337,-0.3665,1397.77,1367.36,1281.55,2.4947,3.9931
2025-02-17,ICICIBANK,1437.4,1445.01,1425.36,1438.46,2623369,0.0737,1406.65,1373.67,1286.16,2.5507,4.7166
2025-02-18,ICICIBANK,1468.43,1470.92,1462.93,1466.28,2857028,-0.1464,1422.66,1379.86,1291.8,2.8875,6.263
2025-02-19,ICICIBANK,1485.63,1488.62,1485.36,1488.03,5079772,0.1615,1439.8,1387.09,1297.93,3.2867,7.2771
2025-02-20,ICICIBANK,1479.59,1488.0,1476.42,1483.65,4681305,0.2744,1451.57,1393.74,1303.4,3.5537,6.451
2025-02-21,ICICIBANK,1478.52,1480.07,1464.26,1477.22,2890398,-0.0879,1462.45,1399.15,1308.68,3.7527,5.5798
2025-02-24,ICICIBANK,1491.31,1505.79,1480.19,1488.36,3251482,-0.1978,1466.28,1405.89,1314.17,3.9079,5.866
2025-02-25,ICICIBANK,1504.27,1513.29,1500.29,1508.59,4344452,0.2872,1478.66,1413.56,1319.4,4.1107,6.7227
2025-02-26,ICICIBANK,1527.0,1527.03,1521.21,1523.85,3758754,-0.2063,1490.85,1421.83,1325.5,4.3268,7.1753
2025-02-27,ICICIBANK,1545.82,1557.28,1541.95,1550.16,4515745,0.2808,1502.84,1432.43,1332.61,4.505,8.2189
2025-02-28,ICICIBANK,1519.79,1528.6,1516.77,1525.42,2580900,0.3704,1508.18,1439.23,1339.84,4.6474,5.9886
2025-03-03,ICICIBANK,1518.96,1527.8,1514.69,1520.35,3285365,0.0915,1513.42,1447.3,1346.82,4.5891,5.0473
2025-03-04,ICICIBANK,1503.05,1507.43,1492.72,1498.0,2178077,-0.336,1516.39,1455.65,1353.28,4.2143,2.9094
2025-03-05,ICICIBANK,1493.33,1503.55,1482.43,1489.22,3092122,-0.2752,1516.51,1462.1,1358.96,3.928,1.8549
2025-03-06,ICICIBANK,1519.37,1521.31,1510.46,1514.32,5142556,-0.3324,1517.33,1469.0,1365.04,3.7314,3.0851
2025-03-07,ICICIBANK,1523.4,1529.19,1513.6,1517.49,3316737,-0.3879,1516.42,1477.16,1371.34,3.2921,2.7302
2025-03-10,ICICIBANK,1576.15,1600.85,1575.76,1583.19,5358413,0.4467,1521.14,1487.92,1378.94,3.1578,6.4029
2025-03-11,ICICIBANK,1581.15,1598.56,1580.27,1588.69,3241028,0.4769,1530.18,1497.29,1386.59,3.1711,6.1044
2025-03-12,ICICIBANK,1586.88,1596.35,1583.52,1590.77,3547136,0.2451,1540.24,1506.78,1394.93,3.0647,5.5741
2025-03-13,ICICIBANK,1595.24,1597.18,1589.01,1594.04,4640092,-0.0752,1553.96,1513.4,1402.26,3.2231,5.3284
2025-03-14,ICICIBANK,1577.83,1578.79,1575.29,1578.28,4209861,0.0285,1566.68,1521.22,1409.07,3.0099,3.7509
2025-03-17,ICICIBANK,1571.5,1579.04,1564.65,1577.35,3541380,0.3723,1575.69,1528.16,1415.77,2.8154,3.2189
2025-03-18,ICICIBANK,1604.85,1611.19,1596.94,1606.86,4037941,0.1252,1588.45,1535.19,1422.8,2.8568,4.6685
2025-03-19,ICICIBANK,1606.84,1621.75,1603.74,1610.37,3775893,0.2197,1592.34,1541.31,1429.6,2.9479,4.4806
2025-03-20,ICICIBANK,1592.14,1593.99,1589.53,1590.45,3923097,-0.1061,1592.59,1546.65,1436.06,2.8817,2.8319
2025-03-21,ICICIBANK,1561.3,1572.88,1561.21,1567.44,3692776,0.3933,1589.26,1551.16,1442.3,2.6846,1.0495
2025-03-24,ICICIBANK,1554.6,1566.82,1553.51,1556.64,2956442,0.1312,1583.91,1554.57,1448.07,2.5045,0.1332
2025-03-25,ICICIBANK,1560.36,1563.32,1557.45,1559.04,3093471,-0.0846,1581.16,1557.1,1453.72,2.4021,0.1246
2025-03-26,ICICIBANK,1590.58,1602.3,1585.44,1589.88,3342349,-0.044,1582.95,1560.4,1460.32,2.3857,1.8893
2025-03-27,ICICIBANK,1554.67,1558.55,1539.07,1556.42,3240422,0.1126,1575.75,1560.71,1465.65,2.3811,-0.2749
2025-03-28,ICICIBANK,1545.62,1549.81,1542.91,1548.95,4529422,0.2154,1566.97,1561.89,1470.7,2.3273,-0.8285
2025-03-31,ICICIBANK,1554.84,1557.37,1551.17,1553.1,3682692,-0.1119,1561.64,1563.52,1475.52,2.2447,-0.6664
2025-04-01,ICICIBANK,1509.71,1521.6,1504.67,1508.37,4614061,-0.0888,1553.2,1564.04,1478.83,2.1829,-3.5594
2025-04-02,ICICIBANK,1490.36,1494.77,1473.89,1488.74,4622169,-0.1087,1543.5,1564.02,1481.74,2.1865,-4.8132
2025-04-03,ICICIBANK,1469.04,1474.7,1467.75,1473.02,3382526,0.2709,1531.21,1561.95,1484.19,2.4553,-5.6935
2025-04-04,ICICIBANK,1459.96,1474.29,1454.1,1454.73,4437853,-0.3582,1511.9,1558.82,1485.9,2.8411,-6.6775
2025-04-07,ICICIBANK,1461.13,1466.9,1455.13,1459.75,4194017,-0.0944,1498.09,1552.64,1488.02,3.1596,-5.9827
2025-04-08,ICICIBANK,1461.35,1471.29,1446.2,1456.48,2378851,-0.3333,1484.88,1546.03,1490.05,3.4097,-5.7923
2025-04-09,ICICIBANK,1447.96,1451.1,1436.32,1443.99,3267624,-0.2742,1469.3,1538.7,1491.76,3.6562,-6.1552
2025-04-10,ICICIBANK,1460.38,1460.66,1453.37,1454.5,2341113,-0.4026,1461.6,1531.72,1494.09,3.7649,-5.0414
2025-04-11,ICICIBANK,1493.3,1502.5,1485.68,1496.0,2467959,0.1808,1462.64,1527.6,1496.22,3.7381,-2.0686
2025-04-14,ICICIBANK,1529.81,1541.03,1525.47,1536.6,3272870,0.4438,1471.72,1525.57,1499.77,3.6675,0.723
2025-04-15,ICICIBANK,1493.22,1499.49,1483.39,1490.2,3714506,-0.2022,1476.79,1519.73,1502.96,3.4897,-1.9431
2025-04-16,ICICIBANK,1501.87,1515.41,1484.47,1504.66,4289485,0.1858,1483.2,1514.45,1505.85,3.2097,-0.6464
2025-04-17,ICICIBANK,1495.85,1502.64,1494.37,1500.86,2477813,0.3349,1489.54,1509.97,1508.34,2.9967,-0.6033
2025-04-18,ICICIBANK,1507.51,1510.18,1497.69,1505.14,4669122,-0.1572,1498.28,1506.85,1511.36,2.8657,-0.1135
2025-04-21,ICICIBANK,1495.25,1501.04,1494.84,1496.02,3659239,0.0515,1504.21,1503.82,1513.92,2.7664,-0.5187
2025-04-22,ICICIBANK,1498.75,1510.05,1494.91,1499.38,4455529,0.042,1504.69,1500.84,1515.88,2.6332,-0.0973
2025-04-23,ICICIBANK,1501.42,1504.99,1495.51,1503.57,2891724,0.1432,1499.98,1496.52,1517.93,2.2416,0.4711
2025-04-24,ICICIBANK,1483.22,1496.94,1475.63,1490.11,4535095,0.4645,1499.96,1493.21,1518.5,2.0392,-0.2076
2025-04-25,ICICIBANK,1468.95,1471.27,1466.93,1469.24,4391574,0.0197,1494.9,1489.22,1519.44,1.8719,-1.3416
2025-04-28,ICICIBANK,1465.37,1471.54,1454.1,1459.15,4743717,-0.4245,1488.94,1484.53,1519.86,1.6317,-1.7096
2025-04-29,ICICIBANK,1459.87,1479.68,1449.98,1465.18,4324663,0.3637,1483.24,1482.37,1519.84,1.6129,-1.1596
2025-04-30,ICICIBANK,1473.29,1480.79,1470.5,1479.91,3882643,0.4493,1480.93,1481.92,1519.67,1.6105,-0.1356
2025-05-01,ICICIBANK,1498.79,1505.6,1486.56,1500.94,3678840,0.1434,1481.16,1483.32,1520.02,1.627,1.1879
2025-05-02,ICICIBANK,1496.39,1499.67,1487.39,1489.54,3751008,-0.4578,1479.15,1485.06,1520.27,1.5622,0.3017
2025-05-05,ICICIBANK,1503.35,1506.68,1493.72,1496.89,3427136,-0.4297,1480.12,1486.92,1520.44,1.5162,0.6705
2025-05-06,ICICIBANK,1523.92,1541.7,1513.87,1520.83,2462739,-0.2028,1487.49,1490.14,1520.68,1.5142,2.0595
2025-05-07,ICICIBANK,1549.75,1551.57,1539.88,1550.23,2985175,0.031,1500.5,1495.45,1521.21,1.5788,3.6631
2025-05-08,ICICIBANK,1553.92,1554.79,1545.74,1549.29,3772170,-0.298,1512.52,1500.19,1521.19,1.6302,3.2729
2025-05-09,ICICIBANK,1548.57,1549.45,1533.54,1544.32,4166436,-0.2744,1521.72,1502.6,1521.57,1.7526,2.7765
2025-05-12,ICICIBANK,1556.2,1561.64,1540.84,1549.62,2211746,-0.4228,1528.67,1503.25,1522.16,1.8201,3.0846
2025-05-13,ICICIBANK,1516.61,1532.07,1509.87,1521.68,4074872,0.3343,1533.27,1504.83,1522.63,1.8258,1.1197
2025-05-14,ICICIBANK,1524.87,1531.48,1507.24,1517.46,4447945,-0.4859,1536.2,1505.47,1523.19,1.8347,0.7964
2025-05-15,ICICIBANK,1530.01,1541.37,1528.31,1536.33,3842257,0.4131,1538.42,1507.24,1523.63,1.8866,1.93
2025-05-16,ICICIBANK,1545.6,1553.58,1532.56,1552.85,1913201,0.4691,1538.79,1509.63,1524.34,2.0003,2.863
2025-05-19,ICICIBANK,1553.0,1554.48,1543.84,1546.63,3416524,-0.4102,1538.41,1512.16,1523.61,2.0569,2.2795
2025-05-20,ICICIBANK,1549.51,1567.68,1544.4,1552.61,2927206,0.2001,1539.6,1514.82,1522.89,2.1263,2.4947
2025-05-21,ICICIBANK,1537.52,1539.96,1523.57,1532.63,2140617,-0.318,1537.17,1516.27,1521.73,2.1323,1.079
2025-05-22,ICICIBANK,1554.04,1559.08,1549.31,1550.65,1899401,-0.2181,1541.31,1519.3,1520.86,2.1448,2.0635
2025-05-23,ICICIBANK,1551.52,1564.54,1548.63,1549.24,3282829,-0.147,1545.85,1523.3,1520.28,2.0343,1.7029
2025-05-26,ICICIBANK,1542.44,1549.94,1535.92,1542.9,4055961,0.0298,1546.79,1527.49,1519.59,1.7875,1.0088
2025-05-27,ICICIBANK,1541.96,1546.69,1530.66,1534.46,3185519,-0.4864,1544.16,1530.95,1518.14,1.5053,0.2293
2025-05-28,ICICIBANK,1537.52,1545.78,1528.57,1533.43,3695290,-0.266,1542.27,1533.63,1516.6,1.2823,-0.013
2025-05-29,ICICIBANK,1523.41,1524.79,1517.0,1522.92,2317275,-0.0322,1538.03,1534.73,1515.25,1.1931,-0.7695
2025-05-30,ICICIBANK,1541.88,1553.32,1528.78,1539.7,5077424,-0.1414,1539.04,1537.23,1514.7,0.9703,0.1607
2025-06-02,ICICIBANK,1529.52,1531.58,1524.7,1530.45,4160141,0.0608,1536.16,1538.91,1514.17,0.7586,-0.5497
2025-06-03,ICICIBANK,1568.79,1575.69,1565.56,1570.82,2485542,0.1294,1539.24,1541.41,1514.41,0.8361,1.908
2025-06-04,ICICIBANK,1614.59,1628.51,1604.21,1608.93,4442403,-0.3506,1548.67,1544.35,1514.79,1.2835,4.1817
2025-06-05,ICICIBANK,1583.72,1590.68,1571.94,1586.52,3072729,0.1768,1556.11,1546.21,1515.39,1.4192,2.607
2025-06-06,ICICIBANK,1595.21,1600.8,1584.53,1588.85,2869631,-0.3987,1564.03,1548.43,1516.19,1.5444,2.6104
2025-06-09,ICICIBANK,1565.26,1575.1,1552.52,1572.81,4391190,0.4823,1571.15,1549.59,1516.58,1.5829,1.4985
2025-06-10,ICICIBANK,1570.63,1573.02,1564.69,1565.09,3279607,-0.3527,1574.78,1551.76,1517.72,1.5363,0.859
2025-06-11,ICICIBANK,1614.88,1624.72,1612.92,1617.01,3870943,0.1319,1587.15,1556.74,1520.28,1.7048,3.8716
2025-06-12,ICICIBANK,1604.41,1610.54,1596.33,1609.57,4661201,0.3216,1592.68,1560.4,1523.01,1.8298,3.1511
2025-06-13,ICICIBANK,1615.49,1625.58,1612.32,1619.51,2832829,0.2488,1594.19,1563.74,1526.31,2.0064,3.5664
2025-06-16,ICICIBANK,1634.83,1642.33,1628.61,1634.27,3511973,-0.0343,1601.02,1568.12,1529.8,2.2188,4.2184
2025-06-17,ICICIBANK,1614.19,1615.43,1608.06,1608.67,3880020,-0.342,1603.85,1570.92,1532.84,2.2741,2.4031
2025-06-18,ICICIBANK,1588.05,1589.06,1585.2,1587.19,3602056,-0.0542,1605.9,1573.65,1535.71,2.206,0.8604
2025-06-19,ICICIBANK,1559.37,1570.35,1551.78,1557.16,2379821,-0.1417,1604.77,1573.98,1537.76,2.1931,-1.0686
2025-06-20,ICICIBANK,1537.75,1543.58,1528.96,1535.6,3857039,-0.1398,1593.14,1573.29,1538.55,2.2349,-2.3956
2025-06-23,ICICIBANK,1462.82,1472.65,1461.02,1467.13,4231826,0.2946,1572.79,1569.5,1537.16,2.6774,-6.5225
2025-06-24,ICICIBANK,1478.02,1483.62,1473.84,1480.58,3521948,0.1732,1552.94,1566.81,1536.97,2.9315,-5.5035
2025-06-25,ICICIBANK,1526.8,1540.22,1517.22,1530.98,3893792,0.2738,1538.19,1566.69,1537.5,2.9379,-2.2793
2025-06-26,ICICIBANK,1541.54,1543.0,1530.82,1535.16,4219301,-0.4139,1527.69,1567.3,1538.18,2.9027,-2.0507
2025-06-27,ICICIBANK,1493.88,1507.09,1491.92,1501.02,4454689,0.478,1515.38,1565.37,1538.1,3.0349,-4.1108
2025-06-30,ICICIBANK,1479.28,1493.57,1476.31,1486.05,4171616,0.4577,1505.22,1563.15,1537.9,3.2106,-4.9323
2025-07-01,ICICIBANK,1474.61,1480.2,1463.67,1475.61,2861127,0.0678,1496.65,1558.39,1537.43,3.4526,-5.3119
2025-07-02,ICICIBANK,1450.66,1452.66,1449.45,1452.09,3665172,0.0986,1494.5,1550.54,1536.4,3.6995,-6.3494
2025-07-03,ICICIBANK,1471.61,1482.97,1467.81,1472.89,4854137,0.087,1493.4,1544.86,1536.05,3.8326,-4.6587
2025-07-04,ICICIBANK,1494.41,1496.09,1491.11,1492.77,2739984,-0.1097,1487.94,1540.06,1536.52,3.8537,-3.0707
2025-07-07,ICICIBANK,1461.13,1484.19,1454.65,1465.72,3440974,0.3141,1478.02,1534.7,1536.65,3.9777,-4.4947
2025-07-08,ICICIBANK,1480.2,1489.72,1477.46,1483.48,3225603,0.2216,1475.52,1530.62,1537.02,4.0266,-3.0798
2025-07-09,ICICIBANK,1515.98,1528.85,1514.11,1520.98,3403508,0.3298,1480.51,1525.82,1537.84,3.8139,-0.3172
2025-07-10,ICICIBANK,1566.58,1578.59,1560.42,1568.92,3174738,0.1494,1493.84,1523.79,1539.2,3.6602,2.9617
2025-07-11,ICICIBANK,1644.56,1648.19,1641.69,1643.68,3267554,-0.0535,1521.21,1525.0,1542.28,3.8143,7.7823
2025-07-14,ICICIBANK,1627.84,1632.22,1620.06,1620.5,3291328,-0.4509,1542.29,1524.31,1544.76,3.7311,6.3104
2025-07-15,ICICIBANK,1703.32,1709.76,1690.21,1696.6,4369525,-0.3945,1571.41,1528.71,1548.27,4.3401,10.9825
2025-07-16,ICICIBANK,1686.48,1697.95,1682.9,1687.52,3827440,0.0617,1603.1,1533.72,1551.02,4.8455,10.0279
2025-07-17,ICICIBANK,1674.97,1679.54,1668.98,1672.06,3664579,-0.1737,1630.04,1539.47,1553.47,5.2235,8.6127
2025-07-18,ICICIBANK,1674.99,1687.22,1672.13,1681.48,2817263,0.3875,1652.97,1546.76,1556.22,5.5882,8.7098
2025-07-21,ICICIBANK,1662.71,1674.41,1660.06,1666.35,2791250,0.2189,1666.88,1556.72,1558.55,5.6681,7.0424
2025-07-22,ICICIBANK,1673.41,1683.54,1671.92,1677.69,3806242,0.2558,1671.74,1566.58,1561.67,5.7622,7.0925
2025-07-23,ICICIBANK,1650.26,1655.11,1630.1,1642.92,4197787,-0.4448,1674.95,1572.17,1564.18,5.8142,4.5001
2025-07-24,ICICIBANK,1634.19,1647.95,1623.17,1637.17,3910773,0.1824,1666.46,1577.28,1566.2,5.8378,3.797
2025-07-25,ICICIBANK,1664.39,1672.2,1662.56,1672.04,3897032,0.4596,1664.24,1585.83,1568.58,5.8369,5.4363
2025-07-28,ICICIBANK,1666.31,1676.75,1657.27,1671.08,3256678,0.2863,1664.1,1595.08,1571.07,5.7241,4.7647
2025-07-29,ICICIBANK,1676.3,1679.23,1670.45,1675.48,574504,-0.0489,1663.25,1605.07,1573.53,5.5096,4.3867
2025-07-30,ICICIBANK,1696.59,1701.95,1682.28,1688.96,5655434,-0.4497,1666.48,1616.91,1576.65,5.1043,4.456
2025-07-31,ICICIBANK,1719.27,1722.65,1715.33,1721.74,2159037,0.1437,1672.77,1629.36,1580.08,4.8072,5.6697
2025-08-01,ICICIBANK,1669.37,1679.87,1668.4,1676.97,3867943,0.4553,1677.63,1638.57,1582.63,4.3938,2.3435
2025-08-04,ICICIBANK,1692.47,1698.53,1688.99,1693.44,1828246,0.0573,1685.67,1649.95,1585.64,3.653,2.6358
2025-08-05,ICICIBANK,1681.29,1691.02,1679.39,1686.72,4531930,0.323,1687.77,1660.12,1588.69,2.7844,1.6023
2025-08-06,ICICIBANK,1690.13,1694.54,1682.51,1691.84,3224931,0.1012,1690.74,1668.66,1591.85,1.9821,1.3891
2025-08-07,ICICIBANK,1729.38,1735.62,1719.84,1721.61,3324321,-0.4493,1697.33,1676.29,1595.83,1.5286,2.7036
2025-08-08,ICICIBANK,1687.54,1698.09,1684.69,1689.35,3668942,0.1073,1697.38,1678.58,1598.82,1.4642,0.6416
2025-08-11,ICICIBANK,1664.06,1665.59,1659.97,1662.57,4936630,-0.0895,1688.93,1680.68,1601.46,1.2415,-1.0775
2025-08-12,ICICIBANK,1616.2,1624.81,1607.72,1612.03,3008719,-0.258,1679.65,1676.45,1602.29,1.5223,-3.8426
2025-08-13,ICICIBANK,1606.07,1616.33,1594.37,1598.37,3329231,-0.4794,1666.07,1671.99,1602.08,1.8384,-4.4031
2025-08-14,ICICIBANK,1640.68,1645.49,1629.44,1633.6,4303140,-0.4315,1658.48,1670.07,1603.02,1.9109,-2.1837
2025-08-15,ICICIBANK,1630.18,1631.84,1628.71,1630.99,5113330,0.0497,1649.79,1667.55,1603.86,1.9756,-2.1924
2025-08-18,ICICIBANK,1592.33,1598.8,1583.75,1596.68,4093100,0.2732,1631.94,1664.06,1604.34,2.1972,-4.0491
2025-08-19,ICICIBANK,1587.76,1596.79,1583.79,1584.77,1828250,-0.1883,1617.0,1659.42,1604.73,2.4369,-4.4986
2025-08-20,ICICIBANK,1540.68,1548.54,1540.53,1547.73,3986590,0.4576,1600.6,1654.66,1603.35,2.869,-6.4624
2025-08-21,ICICIBANK,1522.13,1528.36,1516.26,1520.43,4296315,-0.1117,1587.51,1648.82,1601.56,3.4039,-7.7868
2025-08-22,ICICIBANK,1534.56,1541.38,1523.28,1530.52,2447084,-0.2633,1577.82,1641.74,1599.78,3.7574,-6.7745
2025-08-25,ICICIBANK,1501.63,1503.24,1500.41,1502.34,4465123,0.0473,1559.07,1633.31,1597.14,4.2009,-8.0187
2025-08-26,ICICIBANK,1535.26,1543.08,1527.78,1530.07,3727191,-0.3381,1544.65,1626.04,1595.57,4.4004,-5.9021
2025-08-27,ICICIBANK,1527.29,1545.28,1525.99,1528.84,2617763,0.1015,1534.96,1618.03,1594.41,4.5167,-5.5123
2025-08-28,ICICIBANK,1524.94,1532.61,1519.6,1531.49,3982016,0.4295,1527.35,1608.52,1593.89,4.4283,-4.7889
2025-08-29,ICICIBANK,1523.26,1526.46,1522.11,1525.15,5058015,0.1241,1524.12,1600.93,1593.68,4.4749,-4.7335
2025-09-01,ICICIBANK,1547.97,1555.82,1544.1,1544.82,2803062,-0.2035,1527.6,1593.5,1595.24,4.343,-3.0549
2025-09-02,ICICIBANK,1567.71,1569.36,1564.92,1564.99,3313859,-0.1735,1532.53,1587.41,1596.93,4.1481,-1.4124
2025-09-03,ICICIBANK,1569.18,1575.1,1568.89,1574.02,4795668,0.3084,1542.77,1581.52,1597.79,3.8642,-0.4742
2025-09-04,ICICIBANK,1589.09,1590.04,1584.05,1588.97,3532938,-0.0076,1551.18,1574.89,1598.86,3.2739,0.894
2025-09-05,ICICIBANK,1590.27,1594.64,1577.95,1584.09,2119991,-0.3886,1559.08,1569.62,1600.52,2.8091,0.9219
2025-09-08,ICICIBANK,1597.66,1600.12,1589.48,1598.55,3482558,0.0557,1568.66,1566.42,1602.77,2.4912,2.0512
2025-09-09,ICICIBANK,1596.72,1598.52,1590.1,1590.42,3333371,-0.3946,1577.98,1565.34,1605.07,2.4262,1.6022
2025-09-10,ICICIBANK,1592.97,1594.51,1590.58,1591.03,3223602,-0.1218,1584.58,1564.98,1607.85,2.4075,1.6646
2025-09-11,ICICIBANK,1592.24,1593.33,1578.88,1584.54,4101156,-0.4836,1587.37,1562.52,1610.08,2.2035,1.4093
2025-09-12,ICICIBANK,1579.26,1581.04,1572.29,1573.45,3431486,-0.3679,1587.29,1559.64,1611.7,1.9619,0.8855
2025-09-15,ICICIBANK,1558.58,1566.36,1549.19,1556.6,2566288,-0.127,1582.67,1557.64,1613.51,1.8831,-0.0668
2025-09-16,ICICIBANK,1574.54,1578.73,1563.3,1568.93,4081334,-0.3563,1580.5,1556.85,1615.22,1.8479,0.7759
2025-09-17,ICICIBANK,1604.75,1610.71,1595.73,1602.99,3885280,-0.1097,1581.14,1559.61,1616.86,1.9525,2.7815
2025-09-18,ICICIBANK,1632.31,1641.72,1618.88,1634.12,4996409,0.1109,1587.38,1565.3,1618.17,2.1234,4.3966
2025-09-19,ICICIBANK,1596.54,1612.77,1589.78,1601.89,4887057,0.3351,1588.93,1568.86,1617.33,2.1122,2.1054
2025-09-22,ICICIBANK,1635.83,1639.66,1634.9,1636.11,3825392,0.0171,1596.3,1575.55,1617.64,2.0626,3.8437
2025-09-23,ICICIBANK,1626.93,1629.82,1617.46,1628.3,2924958,0.0842,1604.13,1580.46,1616.28,2.068,3.027
2025-09-24,ICICIBANK,1643.06,1645.18,1638.47,1644.72,3211936,0.101,1616.72,1586.26,1615.42,2.1003,3.6854
2025-09-25,ICICIBANK,1624.28,1627.89,1608.25,1621.42,3108653,-0.1761,1624.22,1590.76,1614.41,1.9838,1.9274
2025-09-26,ICICIBANK,1623.02,1631.99,1622.33,1625.7,3068121,0.1651,1627.47,1595.78,1613.29,1.7801,1.8749
2025-09-29,ICICIBANK,1640.31,1649.58,1629.94,1634.51,2202279,-0.3536,1627.52,1600.27,1612.66,1.6861,2.1396
2025-09-30,ICICIBANK,1590.67,1605.69,1585.82,1596.4,3962985,0.3602,1626.74,1601.84,1611.03,1.6047,-0.3396
2025-10-01,ICICIBANK,1615.69,1616.46,1607.99,1612.69,3123447,-0.1857,1623.39,1603.77,1610.42,1.5554,0.5562
2025-10-02,ICICIBANK,1654.23,1656.15,1636.46,1648.65,4049776,-0.3373,1626.3,1606.76,1610.65,1.6553,2.6071
2025-10-03,ICICIBANK,1652.34,1654.15,1638.24,1644.58,5972739,-0.4696,1626.28,1609.78,1610.11,1.6967,2.1618
2025-10-06,ICICIBANK,1685.14,1686.31,1681.08,1681.64,4840204,-0.2077,1634.88,1613.93,1610.32,1.9525,4.1953
2025-10-07,ICICIBANK,1676.25,1679.29,1658.01,1677.08,3607607,0.0495,1642.22,1618.27,1610.35,2.0992,3.6341
2025-10-08,ICICIBANK,1708.51,1713.01,1696.92,1700.81,2771203,-0.4507,1651.69,1623.76,1610.59,2.3385,4.7452
2025-10-09,ICICIBANK,1646.72,1653.02,1631.06,1641.6,4574735,-0.3109,1658.15,1626.61,1608.98,2.2747,0.9215
2025-10-10,ICICIBANK,1712.98,1714.32,1697.08,1707.49,3038347,-0.3205,1671.69,1633.31,1609.59,2.3849,4.5417
2025-10-13,ICICIBANK,1756.24,1765.51,1747.73,1749.77,2647191,-0.3684,1686.14,1642.97,1610.72,2.5989,6.5004
2025-10-14,ICICIBANK,1746.79,1746.87,1739.37,1742.36,1930682,-0.2536,1700.11,1651.64,1611.83,2.691,5.4927
2025-10-15,ICICIBANK,1681.43,1694.75,1676.62,1688.41,3928119,0.4151,1701.07,1655.91,1611.76,2.6343,1.9627
2025-10-16,ICICIBANK,1703.94,1710.54,1690.1,1696.85,4083330,-0.4161,1703.9,1659.05,1611.27,2.6656,2.2784
2025-10-17,ICICIBANK,1651.89,1661.32,1650.03,1658.37,4379738,0.3923,1697.84,1661.87,1610.65,2.5354,-0.2106
2025-10-20,ICICIBANK,1673.63,1682.79,1667.27,1670.89,3443706,-0.1637,1702.02,1663.61,1610.82,2.5085,0.4376
2025-10-21,ICICIBANK,1687.39,1689.43,1669.18,1682.6,3266318,-0.2839,1698.46,1666.33,1612.23,2.465,0.9764
2025-10-22,ICICIBANK,1654.41,1662.51,1652.6,1657.82,3863060,0.2061,1685.33,1666.98,1613.42,2.4485,-0.5495
2025-10-23,ICICIBANK,1688.9,1691.08,1685.83,1688.65,2451126,-0.0148,1677.66,1670.34,1614.52,2.3718,1.0962
2025-10-24,ICICIBANK,1717.08,1727.81,1702.71,1711.32,3036420,-0.3355,1680.93,1674.62,1616.12,2.3386,2.1915
2025-10-27,ICICIBANK,1736.48,1744.68,1734.89,1739.07,2846843,0.1492,1686.96,1679.85,1618.97,2.4099,3.5253
2025-10-28,ICICIBANK,1748.09,1752.64,1738.73,1739.92,3477589,-0.4674,1698.61,1687.03,1622.07,2.2242,3.1351
2025-10-29,ICICIBANK,1708.35,1709.44,1693.65,1701.24,3301986,-0.4162,1702.95,1691.46,1625.14,1.9671,0.5782
2025-10-30,ICICIBANK,1721.09,1729.78,1720.48,1728.88,5060116,0.4526,1709.56,1695.47,1629.31,1.927,1.9705
2025-10-31,ICICIBANK,1719.25,1726.93,1718.3,1721.95,3780160,0.157,1718.72,1699.34,1633.14,1.8159,1.3305
2025-11-03,ICICIBANK,1690.85,1694.11,1677.58,1684.37,2095916,-0.3832,1718.11,1699.47,1636.78,1.8113,-0.8885
2025-11-04,ICICIBANK,1724.05,1726.43,1706.05,1722.09,3701013,-0.1137,1719.65,1701.72,1640.62,1.8043,1.197
2025-11-05,ICICIBANK,1787.74,1787.98,1770.15,1782.01,3090596,-0.3205,1725.78,1705.78,1645.69,2.0848,4.4689
2025-11-06,ICICIBANK,1777.34,1783.42,1772.0,1781.44,3321839,0.2307,1731.71,1712.78,1650.69,2.1032,4.0087
2025-11-07,ICICIBANK,1851.01,1851.35,1837.44,1845.2,1800267,-0.3139,1752.28,1719.66,1657.09,2.7084,7.3003
2025-11-10,ICICIBANK,1840.69,1852.54,1839.73,1848.56,4268985,0.4276,1769.37,1724.6,1663.16,3.1602,7.1878
2025-11-11,ICICIBANK,1847.06,1850.24,1828.97,1837.89,4043049,-0.4965,1785.94,1729.38,1668.62,3.472,6.2745
2025-11-12,ICICIBANK,1825.06,1832.11,1806.2,1819.93,4020539,-0.2811,1805.3,1735.95,1673.54,3.5988,4.8377
2025-11-13,ICICIBANK,1860.31,1876.0,1853.58,1869.26,3149704,0.4811,1826.33,1744.57,1679.14,3.9211,7.1473
2025-11-14,ICICIBANK,1841.6,1851.71,1833.98,1846.53,4168477,0.2677,1835.54,1753.98,1684.39,3.9262,5.2766
2025-11-17,ICICIBANK,1863.94,1886.27,1860.26,1869.21,2948066,0.2827,1848.08,1763.9,1689.81,3.9985,5.9703
2025-11-18,ICICIBANK,1853.11,1858.27,1852.64,1853.07,2696131,-0.0022,1849.21,1772.42,1695.06,3.9769,4.5503
2025-11-19,ICICIBANK,1842.82,1851.64,1836.05,1840.0,1962437,-0.153,1847.98,1781.53,1700.04,3.7362,3.282
2025-11-20,ICICIBANK,1876.57,1877.6,1869.63,1871.47,3124108,-0.2718,1852.78,1790.67,1705.78,3.668,4.5123
2025-11-21,ICICIBANK,1868.63,1883.78,1860.58,1860.68,2495244,-0.4254,1858.6,1798.14,1711.52,3.5964,3.478
2025-11-24,ICICIBANK,1841.94,1856.17,1838.89,1849.22,3992345,0.3952,1855.74,1803.65,1717.37,3.5517,2.5265
2025-11-25,ICICIBANK,1893.32,1894.41,1873.94,1883.96,1958252,-0.4944,1861.09,1810.85,1723.67,3.5681,4.0373
2025-11-26,ICICIBANK,1940.68,1943.41,1928.28,1933.79,2283435,-0.355,1870.31,1822.48,1730.29,3.5542,6.1076
2025-11-27,ICICIBANK,1952.78,1957.91,1951.06,1954.68,3091229,0.0973,1884.83,1833.77,1736.7,3.6664,6.5935
2025-11-28,ICICIBANK,1930.03,1940.47,1927.22,1934.82,3520938,0.2482,1898.37,1844.41,1743.36,3.5473,4.9018
2025-12-01,ICICIBANK,1921.0,1929.62,1904.83,1919.61,4950062,-0.0724,1905.25,1856.17,1749.03,2.9921,3.4178
2025-12-02,ICICIBANK,1916.84,1927.09,1913.99,1922.75,3831962,0.3083,1914.12,1866.2,1754.92,2.5506,3.0302
2025-12-03,ICICIBANK,1927.77,1937.91,1925.86,1933.4,1721876,0.292,1926.14,1873.77,1760.69,2.4281,3.1824
2025-12-04,ICICIBANK,1902.54,1910.1,1891.39,1903.5,4812377,0.0505,1928.94,1879.88,1766.33,2.1467,1.2565
2025-12-05,ICICIBANK,1922.5,1933.5,1917.48,1926.49,1777834,0.2075,1927.89,1883.94,1772.35,2.1641,2.2586
2025-12-08,ICICIBANK,1926.11,1930.49,1918.33,1929.82,3946947,0.1926,1924.34,1888.0,1778.26,2.1773,2.215
2025-12-09,ICICIBANK,1872.47,1882.7,1870.98,1877.81,1159605,0.2852,1916.2,1890.0,1783.88,2.089,-0.645
2025-12-10,ICICIBANK,1856.27,1870.64,1849.84,1850.53,3693128,-0.3092,1906.33,1891.53,1788.64,1.9639,-2.1676
2025-12-11,ICICIBANK,1831.57,1843.26,1817.22,1836.18,2600855,0.2517,1893.96,1889.88,1792.39,2.0577,-2.8415
2025-12-12,ICICIBANK,1830.2,1836.73,1827.1,1834.66,2841037,0.2437,1879.86,1889.28,1796.19,2.0996,-2.891
2025-12-15,ICICIBANK,1892.93,1895.85,1888.88,1892.07,4339416,-0.0454,1878.22,1890.43,1800.4,2.0835,0.0868
2025-12-16,ICICIBANK,1896.14,1913.12,1892.38,1900.01,4381377,0.2041,1874.44,1892.77,1804.86,2.0304,0.3825
2025-12-17,ICICIBANK,1882.02,1891.18,1873.42,1875.07,4514575,-0.3693,1866.62,1894.53,1808.35,1.9348,-1.0272
2025-12-18,ICICIBANK,1881.09,1890.68,1877.4,1882.41,3421565,0.0702,1867.28,1895.07,1813.16,1.9194,-0.668
2025-12-19,ICICIBANK,1879.36,1889.38,1871.42,1872.4,2089515,-0.3703,1870.4,1895.66,1816.46,1.8928,-1.227
2025-12-22,ICICIBANK,1875.96,1891.79,1873.06,1882.88,2263119,0.3689,1877.07,1897.34,1819.12,1.8101,-0.7621
2025-12-23,ICICIBANK,1910.63,1921.71,1897.83,1901.25,3156631,-0.4909,1886.58,1898.21,1822.3,1.8021,0.1602
2025-12-24,ICICIBANK,1934.33,1960.48,1929.62,1939.36,4214717,0.26,1893.34,1898.48,1827.32,1.819,2.1533
2025-12-25,ICICIBANK,1935.58,1945.29,1933.83,1939.27,4112783,0.1906,1898.95,1897.71,1832.17,1.7582,2.19
2025-12-26,ICICIBANK,1990.63,1996.46,1986.47,1991.9,2622683,0.0638,1915.64,1900.57,1838.84,2.0372,4.8054
2025-12-29,ICICIBANK,2030.8,2041.07,2010.73,2021.98,3339641,-0.4343,1935.58,1905.69,1845.86,2.4771,6.1023
2025-12-30,ICICIBANK,2005.17,2005.69,1993.12,1999.74,3722479,-0.2708,1953.77,1909.54,1852.2,2.7024,4.7237
2025-12-31,ICICIBANK,2078.78,2086.0,2072.75,2073.01,3387291,-0.2776,1980.93,1916.52,1860.51,3.2952,8.1653
2026-01-01,ICICIBANK,2092.75,2097.51,2076.63,2084.69,3899433,-0.3851,2007.14,1925.58,1868.43,3.8097,8.263
2026-01-02,ICICIBANK,2049.69,2070.23,2031.91,2057.51,3995511,0.3815,2024.01,1932.13,1875.35,4.0925,6.4892
2026-01-05,ICICIBANK,2120.0,2122.5,2112.26,2113.83,3583074,-0.291,2048.95,1941.33,1882.85,4.5786,8.8857
2026-01-06,ICICIBANK,2189.45,2190.93,2186.36,2186.61,3671517,-0.1297,2076.77,1956.77,1891.78,5.2625,11.7459
2026-01-07,ICICIBANK,2182.53,2196.02,2178.78,2186.2,5342376,0.1682,2100.23,1973.55,1901.48,5.6614,10.775
2026-01-08,ICICIBANK,2177.0,2186.0,2156.2,2169.27,3492884,-0.3551,2124.45,1990.21,1910.29,5.776,8.997
2026-01-09,ICICIBANK,2156.85,2166.54,2152.99,2164.0,4042016,0.3315,2137.44,2006.67,1919.13,5.7353,7.8404
2026-01-12,ICICIBANK,2187.61,2205.43,2184.1,2189.84,3688345,0.1019,2152.47,2021.56,1929.24,5.8711,8.3243
2026-01-13,ICICIBANK,2227.8,2255.15,2227.71,2236.21,3183733,0.3775,2177.99,2038.37,1939.52,6.0953,9.7058
2026-01-14,ICICIBANK,2266.59,2268.2,2251.13,2257.66,3886076,-0.394,2198.54,2057.5,1949.03,6.1821,9.7283
2026-01-15,ICICIBANK,2252.31,2277.41,2246.06,2262.15,4270930,0.4369,2209.33,2076.49,1958.65,6.1654,8.941
2026-01-16,ICICIBANK,2317.75,2324.84,2315.73,2318.26,3510489,0.022,2228.2,2098.78,1968.11,6.1668,10.4575
2026-01-19,ICICIBANK,2317.24,2329.12,2303.26,2307.4,3858907,-0.4246,2247.93,2120.01,1977.28,5.9878,8.8391
2026-01-20,ICICIBANK,2340.58,2350.25,2333.86,2346.89,3168676,0.2696,2274.06,2142.29,1987.46,5.8642,9.5505
2026-01-21,ICICIBANK,2325.23,2337.09,2321.49,2336.82,4273660,0.4984,2295.06,2162.16,1997.8,5.7004,8.078
2026-01-22,ICICIBANK,2355.48,2365.55,2342.66,2353.94,3137316,-0.0654,2311.87,2182.9,2007.5,5.4319,7.8354
2026-01-23,ICICIBANK,2357.31,2365.25,2348.8,2350.44,2696772,-0.2914,2325.13,2200.82,2017.57,5.2359,6.7984
2026-01-26,ICICIBANK,2340.42,2349.46,2335.17,2349.14,3158021,0.3726,2337.56,2217.18,2027.17,5.0368,5.9517
2026-01-27,ICICIBANK,2345.61,2350.34,2326.39,2335.7,3888541,-0.4225,2340.05,2233.98,2036.83,4.5705,4.5533
2026-01-28,ICICIBANK,2393.03,2409.35,2386.7,2387.73,3304100,-0.2215,2351.52,2249.71,2047.78,4.455,6.135
2026-01-29,ICICIBANK,2368.33,2372.65,2352.11,2360.49,3554188,-0.331,2353.47,2263.5,2057.56,4.2045,4.285
2026-01-30,ICICIBANK,2342.94,2348.73,2324.16,2333.29,2961872,-0.4119,2352.96,2277.29,2067.01,3.6423,2.4591
2026-02-02,ICICIBANK,2416.48,2426.49,2414.07,2415.31,3286892,-0.0484,2361.73,2292.37,2078.33,3.4451,5.363
2026-02-03,ICICIBANK,2460.73,2465.08,2451.79,2454.55,2938788,-0.2511,2376.6,2305.76,2089.75,3.5879,6.453
2026-02-04,ICICIBANK,2360.09,2372.81,2356.48,2362.75,3387130,0.1127,2378.55,2314.59,2098.33,3.3965,2.0807
2026-02-05,ICICIBANK,2351.89,2362.32,2325.65,2342.12,3302944,-0.4154,2379.46,2323.23,2106.07,3.0528,0.8131
2026-02-06,ICICIBANK,2267.31,2275.55,2265.97,2275.46,3313095,0.3595,2363.42,2328.81,2112.89,2.6411,-2.2909
2026-02-09,ICICIBANK,2243.62,2251.44,2234.44,2241.62,3018257,-0.0891,2346.44,2331.4,2119.33,2.411,-3.8509
2026-02-10,ICICIBANK,2137.58,2140.81,2130.3,2131.72,4584226,-0.2741,2317.65,2326.17,2123.51,2.9636,-8.3592
2026-02-11,ICICIBANK,2118.82,2138.92,2112.2,2127.76,2848709,0.4219,2276.57,2319.68,2127.39,3.4844,-8.2736
2026-02-12,ICICIBANK,2090.25,2091.29,2083.44,2089.65,3400461,-0.0287,2224.44,2311.05,2131.12,4.1199,-9.5801
2026-02-13,ICICIBANK,2102.43,2111.39,2091.59,2092.4,3784430,-0.4771,2185.82,2299.76,2134.44,4.6518,-9.0166
2026-02-16,ICICIBANK,2046.85,2050.15,2035.01,2038.98,2921296,-0.3845,2142.51,2286.34,2136.62,5.3266,-10.819
2026-02-17,ICICIBANK,2049.29,2050.85,2030.7,2042.41,1784478,-0.3357,2109.22,2271.11,2139.91,5.8291,-10.07
2026-02-18,ICICIBANK,2036.7,2037.13,2026.09,2029.5,1962399,-0.3535,2078.92,2255.75,2143.49,6.2886,-10.0299
2026-02-19,ICICIBANK,2076.01,2097.36,2058.31,2079.97,3569851,0.1908,2071.52,2242.05,2148.37,6.4702,-7.2291
2026-02-20,ICICIBANK,2134.06,2142.95,2127.56,2128.59,2057528,-0.2563,2071.64,2230.96,2154.24,6.4915,-4.5886
2026-02-23,ICICIBANK,2164.04,2166.29,2144.32,2156.47,3799602,-0.3498,2081.19,2221.32,2159.53,6.435,-2.9194
2026-02-24,ICICIBANK,2148.53,2157.14,2142.33,2145.88,5163930,-0.1233,2088.83,2211.83,2164.45,6.3857,-2.9817
2026-02-25,ICICIBANK,2207.5,2219.61,2205.65,2216.47,3497478,0.4063,2114.18,2203.27,2171.28,6.1305,0.5991
2026-02-26,ICICIBANK,2169.06,2173.38,2155.8,2162.39,4650567,-0.3075,2131.32,2193.36,2176.88,5.9319,-1.412
2026-02-27,ICICIBANK,2120.17,2131.43,2114.17,2114.73,5111894,-0.2566,2143.5,2182.44,2181.72,5.8135,-3.1025
2026-03-02,ICICIBANK,2119.17,2127.85,2111.16,2112.61,4101395,-0.3096,2148.16,2167.3,2186.32,5.3129,-2.5234
2026-03-03,ICICIBANK,2197.99,2198.73,2175.37,2191.57,4475231,-0.2921,2157.16,2154.15,2192.12,4.3461,1.7371
2026-03-04,ICICIBANK,2194.6,2210.72,2178.34,2185.19,3157986,-0.4288,2161.26,2145.27,2197.04,3.7415,1.8608
2026-03-05,ICICIBANK,2177.64,2196.73,2169.11,2179.49,3304325,0.085,2166.06,2137.14,2201.85,3.1021,1.9816
2026-03-06,ICICIBANK,2123.52,2133.7,2123.16,2130.14,3965718,0.3117,2153.73,2129.88,2204.61,2.7115,0.0122
2026-03-09,ICICIBANK,2166.35,2179.09,2161.89,2163.63,3157967,-0.1256,2153.91,2125.98,2207.44,2.4541,1.7709
2026-03-10,ICICIBANK,2200.71,2218.27,2187.54,2197.9,1924354,-0.1277,2165.79,2129.29,2211.41,2.5642,3.2222
2026-03-11,ICICIBANK,2221.13,2230.13,2210.54,2226.82,3957022,0.2562,2182.11,2134.24,2214.48,2.7544,4.3378
2026-03-12,ICICIBANK,2197.99,2208.39,2192.94,2205.1,2589267,0.3235,2184.04,2140.01,2216.89,2.7961,3.0416
2026-03-13,ICICIBANK,2175.68,2195.91,2168.52,2180.87,3098454,0.2385,2183.42,2144.44,2219.36,2.7699,1.6988
2026-03-16,ICICIBANK,2142.13,2147.47,2121.87,2136.6,3519796,-0.2582,2177.29,2149.32,2219.81,2.5147,-0.5918
2026-03-17,ICICIBANK,2145.0,2145.15,2133.53,2140.23,3002980,-0.2224,2178.74,2154.21,2218.89,2.2257,-0.649
2026-03-18,ICICIBANK,2114.42,2114.86,2097.19,2104.0,4092307,-0.4928,2170.22,2157.93,2217.24,1.8527,-2.4992
2026-03-19,ICICIBANK,2070.51,2075.56,2059.95,2065.14,1601508,-0.2594,2151.25,2157.19,2215.16,1.9287,-4.2671
2026-03-20,ICICIBANK,2053.73,2055.24,2049.02,2051.79,5692565,-0.0945,2126.25,2153.35,2212.92,2.2063,-4.7164
2026-03-23,ICICIBANK,2031.74,2042.35,2027.06,2036.37,3223024,0.2279,2102.14,2147.35,2209.85,2.5246,-5.1682
2026-03-24,ICICIBANK,2011.68,2029.34,2005.97,2019.48,2737473,0.3877,2079.09,2141.03,2205.51,2.863,-5.6772
2026-03-25,ICICIBANK,2042.6,2044.48,2031.6,2035.43,3637592,-0.351,2064.63,2131.97,2201.07,2.951,-4.5282
2026-03-26,ICICIBANK,2042.2,2043.06,2028.1,2038.73,3351573,-0.1699,2050.13,2125.79,2196.6,3.0944,-4.0954
2026-03-27,ICICIBANK,2020.13,2030.49,2017.08,2029.98,3010331,0.4876,2039.56,2121.55,2190.83,3.2605,-4.3162
2026-03-30,ICICIBANK,2035.25,2045.93,2034.93,2036.69,4420518,0.0708,2035.5,2117.76,2185.42,3.3868,-3.8281
2026-03-31,ICICIBANK,2000.95,2018.57,1992.27,2005.07,3220296,0.2059,2028.82,2108.43,2178.58,3.4964,-4.9022
